chr.main,POS,SNP,Gst
CM058040.1,90250381,CM058040.1_90250381,0.119696653786547
CM058040.1,90251757,CM058040.1_90251757,0.123488364272263
CM058041.1,32344107,CM058041.1_32344107,0.122526236989133
CM058041.1,75284195,CM058041.1_75284195,0.136224846411361
CM058042.1,72072087,CM058042.1_72072087,0.191657087535378
CM058042.1,72072111,CM058042.1_72072111,0.117983878453602
CM058043.1,100387762,CM058043.1_100387762,0.110224914968199
CM058045.1,31244288,CM058045.1_31244288,0.127943703676416
CM058046.1,637928,CM058046.1_637928,0.105248492169562
CM058047.1,1646173,CM058047.1_1646173,0.111198084660355
CM058047.1,6951472,CM058047.1_6951472,0.123151928363407
CM058047.1,6951538,CM058047.1_6951538,0.147302800922495
CM058047.1,6951565,CM058047.1_6951565,0.126053329772268
CM058047.1,6955385,CM058047.1_6955385,0.147637228522126
CM058047.1,7107742,CM058047.1_7107742,0.240447739708535
CM058047.1,26082226,CM058047.1_26082226,0.189201314799574
